﻿<?xml version="1.0" encoding="UTF-8" standalone="yes"?>
<Picture>
	<PictureVariant name="Medicine_Bottle_Boxes_14.png" screenDensity="bldpi" glyphWidth="14" glyphHeight="14"/>
	<PictureVariant name="Medicine_Bottle_Boxes_16.png" screenDensity="ldpi" glyphWidth="16" glyphHeight="16"/>
	<PictureVariant name="Medicine_Bottle_Boxes_20.png" screenDensity="aldpi" glyphWidth="20" glyphHeight="20"/>
	<PictureVariant name="Medicine_Bottle_Boxes_24.png" screenDensity="mdpi" glyphWidth="24" glyphHeight="24"/>
	<PictureVariant name="Medicine_Bottle_Boxes_28.png" screenDensity="amdpi" glyphWidth="28" glyphHeight="28"/>
	<PictureVariant name="Medicine_Bottle_Boxes_32.png" screenDensity="hdpi" glyphWidth="32" glyphHeight="32"/>
	<PictureVariant name="Medicine_Bottle_Boxes_48.png" screenDensity="xdpi" glyphWidth="48" glyphHeight="48"/>
	<PictureVariant name="Medicine_Bottle_Boxes_64.png" screenDensity="udpi" glyphWidth="64" glyphHeight="64"/>
	<PictureVariant name="l.png" screenDensity="ldpi" interfaceVariant="version8_2" glyphWidth="16" glyphHeight="16"/>
</Picture>